title|pubdate|mastingperiod|occasion|location|section|date1|date2|year
Workers’ Mourning Day|Tue, 18 Apr 2017 12:30:00 -0400| From sunrise to sunset on April 28, 2017| Workers’ Mourning Day| The flags on the Peace Tower in Ottawa and on all Government of Canada buildings and establishments across Canada|11|2017-04-28 00:00:00|NA|2017
National day of remembrance of the Battle of Vimy Ridge|Fri, 24 Mar 2017 08:00:00 -0400| From sunrise to sunset on April 9, 2017| To mark the national day of remembrance of the Battle of Vimy Ridge| The flag on the Peace Tower in Ottawa|11|2017-04-09 00:00:00|NA|2017
Death of the Honourable William (Bill) Rompkey, P.C.|Thu, 23 Mar 2017 10:00:00 -0400| From March 23 until sunset on the day of the funeral service on March 31, 2017| Death of the Honourable William (Bill) Rompkey, P.C. who passed away on March 21, 2017| The flags on all Government of Canada buildings and establishments in the city of Ottawa, with the exception of the Peace Tower|7|2017-03-23 00:00:00|2017-03-31 00:00:00|2017
Victims of the attack in London on March 22, 2017|Thu, 23 Mar 2017 06:00:00 -0400| From March 22 until sunset on March 25, 2017| In memory of the victims of the attack in London on March 22, 2017| The flag on the Peace Tower in Ottawa|16|2017-03-22 00:00:00|2017-03-25 00:00:00|2017
Death of the Honourable James McGrath, P.C., former Minister and former Lieutenant Governor of Newfoundland and Labrador|Wed, 1 Mar 2017 07:00:00 -0500| From March 1 until sunset on the day of the funeral or commemorative service of the late James McGrath| Death of the Honourable James McGrath, P.C., former Minister and former Lieutenant Governor of Newfoundland and Labrador, who passed away on February 28, 2017| The flags on all Government of Canada buildings and establishments in the province of Newfoundland and Labrador|Multiple|2017-03-01 00:00:00|NA|2017
Victims of the attack in the City of Québec on January 29, 2017|Mon, 30 Jan 2017 10:00:00 -0500| From January 30 until sunset February 6, 2017| In memory of the victims of the attack in the City of Québec on January 29, 2017|" The flags on all federal buildings and establishments in Canada, including the Peace Tower, with the exception of buildings and establishments in the province of QuebecAdditional details: As per the Rules for Half-masting the National Flag of Canada (section 16)
"|Multiple|2017-01-30 00:00:00|2017-02-06 00:00:00|2017
Death of the Honourable Marcel Prud'homme, P.C.|Thu, 26 Jan 2017 10:00:00 -0500| From January 26 until sunset on the day of the funeral on February 4, 2017, of the late Marcel Prud’homme| Death of the Honourable Marcel Prud'homme, P.C. who died on January 25, 2017| All Government of Canada buildings and establishments in the city of Ottawa, with the exception of the Peace Tower|7|2017-01-26 00:00:00|2017-02-04 00:00:00|2017
Victims of the attack in Istanbul, Turkey on December 31, 2016|Tue, 3 Jan 2017 06:00:00 -0500| January 3 to January 6, 2017| The flag on the Peace Tower in Ottawa, will be flown at half-mast from now until sunset January 6, 2017, in memory of the victims of the attack in Istanbul  | The flag on the Peace Tower in Ottawa|16|2017-01-03 00:00:00|2017-01-06 00:00:00|2017
Death of Honourable Warren Allmand, P.C., O.C., Q.C.|Thu, 8 Dec 2016 12:00:00 -0500| From December 8 until sunset on December 19, 2016, day of the funeral of the late Honourable Warren Allmand| Death of the Honourable Warren Allmand, P.C., O.C., Q.C. who passed away on December 7, 2016|" All Government of Canada buildings and establishments in the city of Montréal, QuébecAdditional details: Rules for Half-masting the National Flag of Canada (Section 7)
"|7|2016-12-08 00:00:00|2016-12-19 00:00:00|2016
National Day of Remembrance and Action on Violence Against Women|Wed, 23 Nov 2016 14:00:00 -0500| From sunrise to sunset on Tuesday, December 6, 2016| National Day of Remembrance and Action on Violence Against Women| All Government of Canada buildings and establishments across the country, including the Peace Tower in Ottawa|11|2016-12-06 00:00:00|NA|2016
Remembrance Day|Mon, 31 Oct 2016 10:00:00 -0400| From sunrise to sunset on Friday, November 11, 2016.| Remembrance Day| Flags on all Government of Canada buildings and establishments across the country, including the Peace Tower|11|2016-11-11 00:00:00|NA|2016
Death of the Honourable Jim Prentice, P.C., Q.C|Fri, 14 Oct 2016 10:00:00 -0400| From October 14 until sunset October 28, 2016 the day of the of the memorial for the late Honourable Jim Prentice| Death of the Honourable Jim Prentice who passed away October 13, 2016|" All Government of Canada buildings and establishments in the city of CalgaryAdditional details: Rules for Half-masting the National Flag of Canada (Section 7)
"|7|2016-10-14 00:00:00|2016-10-28 00:00:00|2016
Death of the Honourable Barbara A. Hagerman, O.P.E.I., former Lieutenant Governor of Prince Edward Island|Thu, 6 Oct 2016 08:00:00 -0400| From October 6 until sunset on the day of the funeral or commemorative service (date to be confirmed) of the late Barbara A. Hagerman, former Lieutenant Governor of Prince Edward Island, who passed away on Thursday, October 6, 2016.| Death of the Honourable Barbara A. Hagerman, O.P.E.I., former Lieutenant Governor of Prince Edward Island| on all Government of Canada buildings and establishments in the province of Prince Edward Island|10|2016-10-06 00:00:00|NA|2016
Police and Peace Officers' National Memorial Day - September 25, 2016|Thu, 22 Sep 2016 06:00:00 -0400| From sunrise to sunset on Sunday, September 25, 2016| To recognize Police and Peace Officers' National Memorial Day| Flags on all Government of Canada buildings and establishments across the country, including the Peace Tower in Ottawa.|11|2016-09-25 00:00:00|NA|2016
Death of Norman L. Kwong, CM, AOE, LLD, former Lieutenant Governor of Alberta|Tue, 6 Sep 2016 06:00:00 -0400| From now until sunset on Tuesday September 13, the day of the commemorative service of the late Norman L. Kwong, former Lieutenant Governor of Alberta, who passed away on Saturday, September 3, 2016.| Death of Norman L. Kwong, CM, AOE, LLD, former Lieutenant Governor of Alberta, who passed away on Saturday, September 3, 2016.| All Government of Canada buildings and establishments in the province of Alberta|10|2016-09-13 00:00:00|NA|2016
Death of Honourable Mauril Bélanger, P.C., M.P.|Wed, 17 Aug 2016 08:00:00 -0400| From August 17 until sunset August 27, 2016 the day of the funeral for the late Honourable Mauril Bélanger, who passed away on August 16, 2016| Death of Honourable Mauril Bélanger, P.C., M.P.| All Government of Canada buildings and establishments in the riding of Ottawa-Vanier.  Additionally, the flag on the Peace Tower will be flown at half-mast from sunrise to sunset on August 27, 2016 the day of the funeral.|Multiple|2016-08-17 00:00:00|2016-08-27 00:00:00|2016
To mark the tragic events that took place in Nice, France|Fri, 15 Jul 2016 08:00:00 -0400| From July 15 until sunset on Monday, July 18, 2016| To mark the tragic events that took place in Nice, France, on July 14, 2016| The flag on the Peace Tower in Ottawa|16|2016-07-15 00:00:00|2016-07-18 00:00:00|2016
Victims of the Attack in Istanbul, Turkey, on June 28, 2016|Thu, 30 Jun 2016 08:00:00 -0400| From June 30 until sunset on July 2, 2016| In memory of the victims of the attack in Istanbul, Turkey, on June 28, 2016| The flag on the Peace Tower in Ottawa|19|2016-06-30 00:00:00|2016-07-02 00:00:00|2016
National Day of Remembrance for Victims of Terrorism|Thu, 23 Jun 2016 04:00:00 -0400| From sunrise to sunset on Thursday, June 23, 2016, to mark this day.| National Day of Remembrance for Victims of Terrorism| The Peace Tower in Ottawa and on all Government of Canada buildings and establishments across the country.|11|2016-06-23 00:00:00|NA|2016
Death of the Honorable L. Norbert Thériault|Mon, 20 Jun 2016 10:00:00 -0400| From June 20 until the day of the funeral or commemorative service, date to be confirmed, of the late L. Norbert Thériault| Death of the Honorable L. Norbert Thériault, who passed away on June 19, 2016| All Government of Canada buildings and establishments in Baie-Saint-Anne, New Brunswick|10|2016-06-20 00:00:00|NA|2016
Death of His Worship Gerry Cormier|Mon, 20 Jun 2016 10:00:00 -0400| From June 20 until the day of the funeral or commemorative service, date to be confirmed, of the late Gerry Cormier| Death of His Worship Gerry Cormier, who passed away on June 19, 2016| All Government of Canada buildings and establishments in Miramichi, New Brunswick|10|2016-06-20 00:00:00|NA|2016
Death of Honourable Brian M. Joyce|Sun, 19 Jun 2016 10:00:00 -0400| From June 19 until sunset on July 4, 2016.| Death of Honourable Brian M. Joyce who passed away on June 18, 2016.| All Government of Canada buildings and establishments in the region of Chilliwack. British Columbia|10|2016-06-19 00:00:00|2016-07-04 00:00:00|2016
Death of the Honourable J. Gilles Lamontagne, P.C., O.C., C.Q., C.D.|Wed, 15 Jun 2016 12:00:00 -0400| Now until sunset on June 18, the day of the funeral| Death of the Honourable J. Gilles Lamontagne, P.C., O.C., C.Q., C.D.| On all Government of Canada buildings and establishments in the city of Québec, Quebec|7|2016-06-18 00:00:00|NA|2016
Victims of the attack in Orlando, FL, on June 12, 2016|Mon, 13 Jun 2016 08:00:00 -0400| From June 13, 2016 until June 16, 2016| The flag on the Peace Tower in Ottawa will be flown at half-mast from now until June 16, 2016 in memory of the victims of the attack in Orlando, FL, on June 12, 2016| The flag on the Peace Tower in Ottawa|16|2016-06-13 00:00:00|2016-06-16 00:00:00|2016
Death of the Honourable Leonard Stephen Marchand, P.C., C.M.|Fri, 3 Jun 2016 09:00:00 -0400| From now until sunset on the day of the funeral or commemorative service (date to be confirmed) of the late Leonard S. Marchand| Death of the Hourable Leonard S. Marchand, who passed away on June 3, 2016.| All Government of Canada buildings and establishments in the city of Kamloops,  British Columbia|7|2016-06-13 00:00:00|2016-06-16 00:00:00|2016
Memorial Service for Deceased Parliamentarians|Mon, 30 May 2016 09:00:00 -0400| From 9:00 a.m. to 11:00 a.m. on Monday, May 30, 2016| Memorial Service for Deceased Parliamentarians| Peace Tower in Ottawa|11|2016-05-30 00:00:00|NA|2016
Death of the Honourable William H. Jarvis, P.C., Q.C.|Mon, 2 May 2016 07:00:00 -0400| From now until sunset on May 12, 2016, day of the commemorative service of the late William H. Jarvis, who passed away on April 27, 2016| Death of the Honourable William H. Jarvis, P.C., Q.C. who died on April 27, 2016.| All Government of Canada buildings and establishments in the city of Cornwall, Ontario|7|2016-05-12 00:00:00|NA|2016
Day of Mourning for Persons Killed or Injured in the Workplace (Workers' Mourning Day)|Thu, 28 Apr 2016 05:00:00 -0400| Sunrise to sunset on Thursday, April 28, 2016| Day of Mourning for Persons Killed or Injured in the Workplace (Workers' Mourning Day)| The Peace Tower in Ottawa and on all Government of Canada buildings and establishments across Canada|11|2016-04-28 00:00:00|NA|2016
Vimy Ridge Day|Sat, 9 Apr 2016 04:00:00 -0400| From sunrise to sunset on April 9, 2016| To mark the national day of remembrance of the Battle of Vimy Ridge| Peace Tower in Ottawa|11|2016-04-09 00:00:00|NA|2016
Death of Constable Sarah Beckett of the Royal Canadian Mounted Police|Fri, 8 Apr 2016 07:00:00 -0400| From sunrise until sunset on April 12, 2016 the day of the funeral of the late Constable Sarah Beckett| Death of Constable Sarah Beckett of the Royal Canadian Mounted Police, who passed away on April 5, 2016| The flags on all Government of Canada buildings and establishments in the Province of British Columbia|10|2016-04-12 00:00:00|NA|2016
Death of Honourable Jean-Charles (Jean) Lapierre, P.C.|Wed, 30 Mar 2016 06:00:00 -0400| From March 30, 2016 until sunset on April  8, 2016, the day of the funeral of the late Honourable Jean-Charles (Jean) Lapierre. | The death of Honourable Jean-Charles (Jean) Lapierre, P.C. who died on March 29, 2016.| All Government of Canada buildings and establishments in the city of Montréal, and les Iles de la Madeleine, Quebec|7|2016-03-30 00:00:00|2016-04-08 00:00:00|2016
In memory of the victims of the attack in Lahore, Pakistan on March 27, 2016|Mon, 28 Mar 2016 07:00:00 -0400| From March 28 until sunset on March 31, 2016| In memory of the victims of the tragedy in Pakistan on March 27, 2016.  | The flag on the Peace Tower in Ottawa|16|2016-03-28 00:00:00|2016-03-31 00:00:00|2016
Death of Jim Hillyer, M.P.|Wed, 23 Mar 2016 07:00:00 -0400| From March 23, 2016 until sunset on the day of the funeral or memorial service on April 1, 2016 for the late Jim Hillyer.| The death of Jim Hillyer, M.P. who died suddenly on March 23, 2016.| All Government of Canada buildings and establishments in the city of Medicine Hat, Alberta|8|2016-03-23 00:00:00|2016-04-01 00:00:00|2016
In memory of the victims of the tragedy in Belgium on March 22, 2016|Tue, 22 Mar 2016 07:00:00 -0400| From March 22 until sunset March 25, 2016| In memory of the victims of the tragedy in Belgium on March 22, 2016| The flag on the Peace Tower in Ottawa|16|2016-03-22 00:00:00|2016-03-25 00:00:00|2016
Death of Donald Ross Getty, O.C., A.O.E., former Premier of the Province of Alberta|Fri, 26 Feb 2016 09:00:00 -0500| From February 26, 2016 until sunset, March 5, 2016, the day of the funeral of the late Donald Ross Getty, former Premier of Alberta| Death of the late Donald Ross Getty, O.C., A.O.E., former Premier of the Province of Alberta, who passed away on Friday, February 26, 2016.| All Government of Canada buildings and establishments in the province of Alberta|10|2016-02-26 00:00:00|2016-03-05 00:00:00|2016
Death of Stuart Milton Hodgson, O.C.|Fri, 19 Feb 2016 05:00:00 -0500| From sunrise until sunset, Friday February 19, the day of the memorial service for Stuart Milton Hodgson, former Commissioner of the Northwest Territories| Death of Stuart Milton Hodgson, former Commissioner of the Northwest Territories who passed away December 18, 2015 in Vancouver, British Columbia. | All Government of Canada buildings and establishments in the Northwest Territories|7|2016-02-19 00:00:00|NA|2016
Death of William Richards (Bill) Bennett, P.C., O.B.C, former Premier of British Columbia|Sun, 31 Jan 2016 00:00:00 -0500| January 31, 2016 from sunrise to sunset, the day of the commemorative service of the late Bill Bennett, former Premier of British Columbia| Death of Bill Bennett, former Premier of British Columbia, who died on Thursday, December 03, 2015| All Government of Canada buildings and establishments in the province of British Columbia as well as the Peace Tower in Ottawa|Multiple|2016-01-31 00:00:00|NA|2016
Death of John Harvard, P.C., O.M., former Lieutenant Governor of Manitoba|Mon, 25 Jan 2016 00:00:00 -0500| From January 9, 2016 until sunset on January 25,  2016, day of the commemorative service of the late John Harvard, former Lieutenant Governor of Manitoba| Death of John Harvard, P.C., O.M., former Lieutenant Governor of Manitoba who passed away on Saturday, January 9, 2016| All Government of Canada buildings and establishments in the city of Winnipeg, Manitoba.  Furthermore, the flag on the Peace Tower will be flown at half-mast from sunrise on January 25, 2016, the day of the commemorative service.|7|2016-01-09 00:00:00|2016-01-25 00:00:00|2016
Death of the Honourable Robert Coates, P.C., Q.C.|Wed, 13 Jan 2016 16:00:00 -0500| from now until sunset the day of the funeral or memorial service (date to be confirmed) | Death of the Honourable Robert Coates, P.C., Q.C.| in the city of Halifax, Nova Scotia|7|2016-01-09 00:00:00|2016-01-25 00:00:00|2016
Death of Howard Pawley, P.C., O.C., O.M., former Premier of Manitoba|Thu, 31 Dec 2015 07:00:00 -0500| 	From now until sunset on Saturday, January 9, 2016. the day of the commemorative service of the late Howard Pawley, former Premier of Manitoba| Death of Howard Pawley, Premier of Manitoba, who died on Wednesday, December 30, 2015| All Government of Canada buildings and establishments in the province of Manitoba and in the City of Windsor, Ontario.   Furthermore, the flag on the Peace Tower will be flown at half-mast from sunrise until sunset on Saturday, January 9, 2016, the day of the commemorative service.|10|2015-01-09 00:00:00|NA|2015
Death of the Honourable Russell Mackay|Wed, 23 Dec 2015 16:00:00 -0500| From December 23, 2015 until sunset on Thursday, December 24, 2015| Death of the Honourable Russell Mackay, Provincial Court Judge, British Columbia| The flags on all Government of Canada buildings and establishments in the Chilliwack, Surrey and Abbotsford Region, will also be flown at half-mast on the day of the funeral or memorial service.|10|2015-12-23 00:00:00|2015-12-24 00:00:00|2015
National Day of Remembrance and Action on Violence Against Women|Sun, 6 Dec 2015 05:00:00 -0500| From sunrise to sunset on Sunday, December 6, 2015| National Day of Remembrance and Action on Violence Against Women| All Government of Canada buildings and establishments across the country, including the Peace Tower in Ottawa|11|2015-12-06 00:00:00|NA|2015
Death of Manmeet Bhullar, Member of the Legislative Assembly of Alberta|Tue, 24 Nov 2015 12:00:00 -0500| From November 24 until Sunday, November 29, 2015, the day of the commemorative service of the late Manmeet Bhullar.| Death of Manmeet Bhullar, Member of the Legislative Assembly of Alberta, who passed away on November 23, 2015.| All Government of Canada buildings and establishments in Alberta|10|2015-11-24 00:00:00|2015-11-29 00:00:00|2015
To mark the tragic events that took place in Paris, France|Sat, 14 Nov 2015 00:45:00 -0500| The flag on the Peace Tower in Ottawa will be at half-mast until sunset on Monday, November 16, 2015.| To mark the tragic events that took place in Paris, France| The Peace Tower in Ottawa|10|2015-11-16 00:00:00|NA|2015
Remembrance  Day - November 11, 2015|Wed, 11 Nov 2015 05:00:00 -0500| From sunrise to sunset on Wednesday, November 11, 2015.| Remembrance  Day - Details, Flags on all Government of Canada buildings and establishments across the country, including the Peace Tower, will be flown at half-mast from sunrise to sunset on Remembrance Day, Wednesday, November 11, 2015.  When half-masting occurs at the National War Memorial or a place where remembrance is being observed, the half-masting can occur at 11:00 a.m. (or according to the prescribed order of service) until sunset. | Flags on all Government of Canada buildings and establishments across the country, including the Peace Tower.|11|2015-11-11 00:00:00|NA|2015
Anniversary of the death of Warrant Officer Patrice Vincent and Corporal Nathan Cirillo, members of the Canadian Armed Forces|Wed, 21 Oct 2015 17:00:00 -0400| From sunrise to sunset on Thursday, October 22, 2015| Anniversary of the death of Warrant Officer Patrice Vincent and Corporal Nathan Cirillo, members of the Canadian Armed Forces| Flags on all Government of Canada buildings and establishments across the country, including the Peace Tower in Ottawa.|16|2015-10-22 00:00:00|NA|2015
Police and Peace Officers' National Memorial Day - September 27, 2015|Wed, 23 Sep 2015 08:00:00 -0400| From sunrise to sunset on Sunday, September 27, 2015| To recognize Police and Peace Officers' National Memorial Day| Flags on all Government of Canada buildings and establishments across the country, including the Peace Tower in Ottawa.|11|2015-09-27 00:00:00|NA|2015
Death of Private Samuel Lavoie Nadeau|Fri, 14 Aug 2015 06:00:00 -0400| From sunrise until sunset, August 14, 2015, day of the funeral of the late Samuel Lavoie Nadeau, who died on August 10, 2015| Death of Private Samuel Lavoie Nadeau| All Government of Canada building and establishments in Dieppe, New Brunswick|10|2015-08-14 00:00:00|2015-08-10 00:00:00|2015
Death of correctional officer Kirby Tott|Mon, 27 Jul 2015 17:00:00 -0400| From July 27, 2015, until sunset on Wednesday, August 5, 2015 of Kirby Tott who passed away on July 25, 2015.| Death of correctional officer Kirby Tott| All Correctional Service of Canada buildings in British Columbia|10|2015-07-27 00:00:00|2015-08-05 00:00:00|2015
Death of the Honourable Flora Isabel MacDonald|Mon, 27 Jul 2015 06:00:00 -0400| From July 27 until sunset, Sunday, August 2, 2015, on the day of the memorial service of the late Honourable Flora Isabel MacDonald, P.C., C.C., O.Ont., O.N.S., who died on July 26, 2015.| Death of the Honourable Flora Isabel MacDonald, P.C., C.C., O.Ont., O.N.S., former Minister| The flags on all Government of Canada buildings and establishments in Ottawa, Ontario, excluding the Peace Tower.   Furthermore, the flags on all Government of Canada buildings and establishments in Ottawa, Ontario, as well as the flag on the Peace Tower, will be flown at half-mast from sunrise until sunset on Sunday, August 2, 2015, on the day of the memorial service.|7|2015-07-27 00:00:00|2015-07-26 00:00:00|2015
National Day of Remembrance for Victims of Terrorism|Tue, 23 Jun 2015 06:00:00 -0400| From sunrise to sunset on Tuesday, June 23, 2015, to mark this day.| National Day of Remembrance for Victims of Terrorism| The Peace Tower in Ottawa and on all Government of Canada buildings and establishments across the country|11|2015-06-23 00:00:00|NA|2015
Death of Constable Daniel Woodall, Edmonton Police Service|Tue, 9 Jun 2015 14:00:00 -0400| From June 9, 2015, until sunset, on Wednesday, June 17, 2015 in honour of the late Constable Daniel Woodall, who passed away June 8, 2015.| In honour of the late Constable Daniel Woodall, who passed away June 8, 2015.| The flags on all Government of Canada buildings and establishments in Edmonton, Alberta|10|2015-06-09 00:00:00|2015-06-17 00:00:00|2015
Death of Mr. Jacques Parizeau, Former Premier of Quebec|Mon, 1 Jun 2015 08:00:00 -0400| From June 1, 2015 until sunset on the day of the funeral, June 9, 2015.| To mark the death of Mr. Jacques Parizeau, Former Premier of Quebec who passed away on June 1, 2015| All Government of Canada buildings and establishments in the province of Quebec|10|2015-06-01 00:00:00|2015-06-09 00:00:00|2015
Anniversary of the June 2014 shootings in New Brunswick|Thu, 28 May 2015 06:00:00 -0400| Sunrise to sunset on Thursday, June 4, 2015| To mark the anniversary of the June 2014 shootings that took the lives of three members of the RCMP| Flags on all Government of Canada buildings and establishments in the province of New-Brunswick|10|2015-06-04 00:00:00|NA|2015
Death of Mr. George Braden, Former Government Leader of the Northwest Territories|Wed, 27 May 2015 08:00:00 -0400| From May 27, 2015 until the morning of May 28, 2015, to mark the passing of the late Mr. George Braden. Also, the flags will be flown at half-mast from on the date of the funeral (date to be confirmed).| Death of Mr. George Braden, Former Government Leader of the Northwest Territories, who passed away on May 25, 2015| All Government of Canada buildings and establishments in the Northwest Territories|10|2015-05-27 00:00:00|2015-05-28 00:00:00|2015
Memorial Service for Deceased Parliamentarians|Wed, 27 May 2015 08:00:00 -0400| From 9:00 a.m. to 11:00 a.m. on Monday, June 1, 2015| Memorial Service for Deceased Parliamentarians| Peace Tower in Ottawa|11|2015-06-01 00:00:00|NA|2015
Workers' Mourning Day|Tue, 28 Apr 2015 05:00:00 -0400| Sunrise to sunset on Tuesday April 28, 2015| Day of Mourning for Persons Killed or Injured in the Workplace (Workers' Mourning Day)| The Peace Tower in Ottawa and on all Government of Canada buildings and establishments across Canada|11|2015-04-28 00:00:00|NA|2015
Death of the Honourable Christine Stewart|Sun, 26 Apr 2015 06:00:00 -0400| From April 26, 2015 until sunset on Wednesday, April 29, 2015| Death of the Honourable Christine Stewart, P.C., Former Minister who died on April 25, 2015.| All Government of Canada buildings and establishments in the Town of Cobourg, Ontario as well as on the Peace Tower in Ottawa. Furthermore, the flags on all Government of Canada buildings and establishments in the Town of Cobourg, Ontario, as well as the flag on the Peace Tower, in Ottawa, will be flown at half-mast from sunrise until sunset on Saturday, May 23, 2015, the day of the memorial service for late the Honourable Christine Stewart, P.C.|7|2015-04-26 00:00:00|2015-04-29 00:00:00|2015
Death of the Honourable Alasdair Bernard Graham|Sat, 25 Apr 2015 06:00:00 -0400| From April 25, 2015 until sunset on Monday, April 27, the day of the funeral of the late The Honourable Alasdair Bernard Graham| Death of the Honourable Alasdair Bernard Graham, P.C. who died on April 22, 2015| All Government of Canada buildings and establishments in the Halifax in Nova-Scotia.  The flag will also be at half-mast on the Peace Tower in Ottawa from sunrise until sunset on Monday, April 27, day of the funeral.|7|2015-04-25 00:00:00|2015-04-27 00:00:00|2015
Death of the Honourable Pierre Claude Nolin|Fri, 24 Apr 2015 06:00:00 -0400| From April 24, 2015 until sunset, Thursday, April 30, 2015 day of the funeral of the late Honourable Pierre Claude Nolin.| Death of the Honourable Pierre Claude Nolin, Senator and Speaker of the Senate who died on April 24, 2015| All Government of Canada buildings and establishments in the city of Montréal as well as on the Peace Tower in Ottawa.|Multiple|2015-04-24 00:00:00|2015-04-30 00:00:00|2015
National day of remembrance of the Battle of Vimy Ridge.|Thu, 9 Apr 2015 05:00:00 -0400| Sunrise to sunset on Thursday, April 9, 2015| National day of remembrance of the Battle of Vimy Ridge| Peace Tower in Ottawa|11|2015-04-09 00:00:00|NA|2015
Death of Sergeant Andrew Doiron, member of the Canadian Armed Forces|Thu, 12 Mar 2015 13:00:00 -0400| From now until sunset, Saturday, March 14, 2015, day of the funeral or memorial service.| Death of Sergeant Andrew Doiron, member of the Canadian Armed Forces, who died on March 6, 2015.| On all Government of Canada buildings and establishments in New-Brunswick|10|2015-03-14 00:00:00|NA|2015
Death of Constable David Matthew Wynn|Wed, 21 Jan 2015 12:00:00 -0500| From January 21, 2015 until sunset, Monday, January 26, 2015, day of the funeral. | Death of Constable David Matthew Wynn, member of the Royal Canadian Mounted Police, who died on January 21, 2015.| On all Government of Canada buildings and establishments in the town of St. Albert, Alberta.|10|2015-01-21 00:00:00|2015-01-26 00:00:00|2015
Death of the Honourable Mr. Gilbert Finn, O.C.|Thu, 8 Jan 2015 06:00:00 -0500| From January 8 until sunset January 12, 2015, the day of the funeral of the late Honourable Gilbert Finn.| Death of the Honourable Mr. Gilbert Finn, O.C., former Lieutenant-Governor of New Brunswick who passed away on January 7, 2015| All Government of Canada buildings and establishments in New Brunswick|10|2015-01-08 00:00:00|2015-01-12 00:00:00|2015
Death of Eric Cunningham, former Member of the Legislative Assembly of Ontario|Tue, 6 Jan 2015 07:00:00 -0500| From sunrise to sunset on Wednesday, January 7, 2015, the day of the funeral of the late Eric Cunningham.| Death of Eric Cunningham, former Member of the Legislative Assembly of Ontario, who passed away on January 1, 2015| All Government of Canada buildings and establishments in the provincial riding of Ancaster-Dundas-Flamborough-Westdale, Ontario.|10|2015-01-07 00:00:00|NA|2015
Remembrance and Action on Violence Against Women|Sat, 6 Dec 2014 05:00:00 -0500| From sunrise to sunset on Saturday, December 6, 2014| National Day of Remembrance and Action on Violence Against Women| All Government of Canada buildings and establishments across the country, including the Peace Tower in Ottawa|11|2014-12-06 00:00:00|NA|2014
Death of Mr. Jean Béliveau|Wed, 3 Dec 2014 03:35:00 -0500| From now until  Wednesday, December 10, 2014, the day of the funeral of the late Jean Béliveau| Death of Mr. Jean Béliveau who passed away on December 2, 2014| All Government of Canada buildings and establishments in the province of Québec|10|2014-12-10 00:00:00|NA|2014
Remembrance Day|Tue, 11 Nov 2014 06:30:00 -0500| From sunrise to sunset on Tuesday, November 11, 2014| Remembrance Day| Flags on all Government of Canada buildings and establishments across the country, including the Peace Tower.|11|2014-11-11 00:00:00|NA|2014
Death of Warrant Officer Patrice Vincent, member of the Canadian Armed Forces|Wed, 22 Oct 2014 20:00:00 -0400| From October 22, 2014, until sunset on Saturday, November 1, 2014, day of the funeral of the late Warrant Officer Patrice Vincent. | Death of Warrant Officer Patrice Vincent, member of the Canadian Armed Forces| The Flag on all Federal buildings and establishments in Canada, including the Peace Tower. |16|2014-10-22 00:00:00|2014-11-01 00:00:00|2014
Death of Warrant Officer Patrice Vincent and Corporal Nathan Cirillo, members of the Canadian Armed Forces|Wed, 22 Oct 2014 19:00:00 -0400| October 22, 2014, until further notice, to commemorate the tragic events that occurred in Saint-Jean-sur-Richelieu, Quebec, on October 20, 2014, and Ottawa, Ontario, on October 22, 2014.| Death of Warrant Officer Patrice Vincent and Corporal Nathan Cirillo, members of the Canadian Armed Forces.| The Flag on all Federal buildings and establishments in Canada, including the Peace Tower, will be flown at half-mast.|16|2014-10-22 00:00:00|2014-10-22 00:00:00|2014
Death of a member of the Canadian Armed Forces|Wed, 22 Oct 2014 12:00:00 -0400| From October 22, 2014 until further notice.| The late Corporal Nathan Cirillo, a member of the Argyll and Sutherland Highlanders of Canada Regiment, in Hamilton, who died on October 22, 2014. |  The flag on all Government of Canada buildings and establishments, in the Northwest Territories, will be flown at half-mast.|10|2014-10-22 00:00:00|NA|2014
Police and Peace Officers' National Memorial Day - September 28, 2014|Sun, 28 Sep 2014 06:00:00 -0400| From sunrise to sunset on Sunday, September 28, 2014| To recognize Police and Peace Officers' National Memorial Day| Flags on all Government of Canada buildings and establishments across the country, including the Peace Tower in Ottawa.|11|2014-09-28 00:00:00|NA|2014
Death of the Honourable Marcel Masse, P.C., O.Q., Former Minister|Tue, 26 Aug 2014 11:00:00 -0400| From now until sunset the day of the funeral, Monday, September 1, 2014| Death of the Honourable Marcel Masse, P.C., O.Q., Former Minister, who passed away August 25, 2014| On all Government of Canada buildings and establishments in  the city of Saint-Donat de Montcalm, Quebec.  Further, the flag will be flown at half-mast on the Peace Tower from sunrise to sunset on the day of the funeral or the memorial service.|7|2014-09-01 00:00:00|NA|2014
Death of Richard T. A. Low, Judge of the Court of Appeal, Province of British Columbia|Mon, 18 Aug 2014 06:00:00 -0400| From sunrise August 18 until sunset on the day of the funeral. | Death of Richard T. A. Low, Judge of the Court of Appeal, Province of British Columbia| On all Government of Canada buildings and establishments in the greater Vancouver region in British Columbia.|10|2014-08-18 00:00:00|NA|2014
Death of George McCague, former Member of the Legislative Assembly of Ontario for the riding of Dufferin-Simcoe, Ontario|Tue, 15 Jul 2014 06:00:00 -0400| From July 15 until sunset on July 23, 2014, day of the funeral. | Death of George McCague, former Member of the Legislative Assembly of Ontario for the riding of Dufferin-Simcoe, Ontario| On all Government of Canada buildings and establishments in the riding of Simcoe-Grey, Ontario. |10|2014-07-15 00:00:00|2014-07-23 00:00:00|2014
National Day of Remembrance for Victims of Terrorism|Mon, 23 Jun 2014 01:00:00 -0400| From sunrise to sunset on Monday, June 23, 2014| National Day of Remembrance for Victims of Terrorism| Peace Tower and on all Government Canada buildings and establishments across the country|11|2014-06-23 00:00:00|NA|2014
Death of three members of the Royal Canadian Mounted Police in Moncton, New Brunswick|Thu, 5 Jun 2014 12:00:00 -0400| From June 5 until sunset Tuesday June 10, 2014, day of the funeral.| Death of three members of the Royal Canadian Mounted Police in Moncton, New Brunswick| On the Peace Tower (section 16), on all Government of Canada buildings and establishments in the provinces of New Brunswick, Newfoundland and Labrador, Prince Edward Island, Nova Scotia, Alberta, Manitoba and Saskatchewan (section 10), and on all of Public Safety Portfolio buildings and establishments in Canada (section 14) from June 5 until sunset, Tuesday June 10, 2014, the day of the funeral.|Multiple|2014-06-05 00:00:00|2014-06-10 00:00:00|2014
Death of the Lieutenant Colonel Daniel R. Bobbitt, C.D.|Tue, 27 May 2014 15:00:00 -0400| From sunrise until sunset on Wednesday May 28, 2014, day of the funeral of Lieutenant Colonel Daniel R. Bobbitt, who died while on duty on May 21, 2014.| Death of the Lieutenant Colonel Daniel R. Bobbitt, C.D., Commanding Officer - 2nd Regiment Royal Canadian Horse Artillery| All Government of Canada buildings and establishments in the City of Petawawa and in the provincial riding of Ottawa - Vanier, in Ontario.|10|2014-05-28 00:00:00|2014-05-21 00:00:00|2014
Death of Constable Joseph Prevett, Thunder Bay Police Service|Mon, 12 May 2014 09:00:00 -0400| From sunrise until sunset on May 15, 2014, day of the funeral of Constable Joseph Prevett who passed away on May 7, 2014. | Death of Constable Joseph Prevett, Thunder Bay Police Service| On all Government of Canada buildings and establishments in the City of Thunder Bay, Ontario. |10|2014-05-15 00:00:00|NA|2014
Workers' Mourning Day|Mon, 28 Apr 2014 05:00:00 -0400| From sunrise to sunset on Monday, April 28, 2014 | Day of Mourning for Persons Killed or Injured in the Workplace (Workers' Mourning Day)| The flags on the Peace Tower in Ottawa and on all Government of Canada buildings and establishments across Canada.|11|2014-04-28 00:00:00|NA|2014
Death of The Right Honourable Herbert Eser (Herb) Gray, P.C., C.C., Q.C.|Tue, 22 Apr 2014 09:00:00 -0400| From April 22 until sunset Friday April 25, 2014, day of the funeral of the late Right Honourable Herbert Eser (Herb) Gray.| Death of The Right Honourable Herbert Eser (Herb) Gray, P.C., C.C., Q.C., who passed away April 21, 2014.| On all Government of Canada buildings and establishments in the city of Ottawa, Ontario, excluding the Peace Tower. Further, flags on all Government of Canada buildings and establishments in the city of Windsor, Ontario *(Section 10), as well as on the Peace Tower in Ottawa, will fly at half-mast from sunrise to sunset on April 25, 2014, day of the funeral. |7|2014-04-22 00:00:00|2014-04-25 00:00:00|2014
Death of The Honourable James Michael (Jim) Flaherty P.C., M.P., and former Minister|Thu, 10 Apr 2014 15:00:00 -0400| From April 10 until sunset on April 16, the day of the State Funeral of the late Honourable James Michael (Jim) Flaherty. | Death of The Honourable James Michael (Jim) Flaherty P.C., M.P., and former Minister, who passed away April 10, 2014. | On all federal buildings and establishments in Canada, including the Peace Tower.|Multiple|2014-04-10 00:00:00|2014-04-16 00:00:00|2014
Vimy Ridge Day|Wed, 9 Apr 2014 07:00:00 -0400| From sunrise to sunset on Wednesday, April 9, 2014| To mark the national day of remembrance of the Battle of Vimy Ridge| Peace Tower in Ottawa|11|2014-04-09 00:00:00|NA|2014
Victims and families affected by the fire in L'Isle-Verte|Sun, 2 Feb 2014 06:00:00 -0500| From sunrise to sunset on Saturday, February 1, 2014| In memory of the victims and the families affected by the fire in L'Isle-Verte| The flags on all Government of Canada buildings and establishments in the administrative region of the Lower St. Lawrence, Quebec.|10|2014-02-01 00:00:00|NA|2014
National Day of Remembrance and Action on Violence Against Women.|Fri, 6 Dec 2013 06:00:00 -0500| From sunrise to sunset on Friday, December 6, 2013.| National Day of Remembrance and Action on Violence Against Women.| Flags on all Government of Canada buildings and establishments across the country, including the Peace Tower in Ottawa, will be flown at half-mast from sunrise to sunset on Friday, December 6, 2013, to mark the National Day of Remembrance and Action on Violence Against Women.|11|2013-12-06 00:00:00|NA|2013
Death of His Excellency Mr. Nelson Mandela, O.M.P., O.M., C.C., A.C., C.S.G., Q.C., former President of the Republic of South Africa|Thu, 5 Dec 2013 17:00:00 -0500| From sunrise to sunset on Sunday, December 15, 2013, the day of the funeral.| Death of His Excellency Mr. Nelson Mandela, who passed away on December 5, 2013.| Flags on all Government of Canada buildings and establishments across the country, including the Peace Tower in Ottawa.|16|2013-12-15 00:00:00|NA|2013
Death of Gary L. Leadston on December 2, 2013.|Thu, 5 Dec 2013 06:00:00 -0500| From sunrise to sunset on Thursday, December 5, 2013, day of the funeral.| Death of Gary L. Leadston, former Member of the Legislative Assembly of Ontario for the riding of Kitchener-Conestoga, Ontario| Flags on all Government of Canada buildings and establishments in the riding of Kitchener-Conestoga, Ontario, will be flown at half-mast from sunrise to sunset on Thursday, December 5, 2013, day of the funeral of Mr. Gary L. Leadston, who passed away on December 2, 2013.|10|2013-12-05 00:00:00|NA|2013
Death of Constable Michael Pegg of the York Regional Police.|Tue, 3 Dec 2013 06:00:00 -0500| From December 3, 2013 until sunset on Friday, December 6, 2013, day of the funeral of Constable Michael Pegg.| Death of Constable Michael Pegg of the York Regional Police  | Flags on all Government of Canada buildings and establishments in the Regional Municipality of York in Ontario. |10|2013-12-03 00:00:00|2013-12-06 00:00:00|2013
Death of Constable John Zivcic|Mon, 2 Dec 2013 09:00:00 -0500| From December 2, 2013 until sunset on Monday, December 9, 2013, day of the memorial service, and on December 12, 2013, day of the private memorial service.| Death of Constable John Zivcic on December 2, 2013.| The flags on all Government of Canada buildings and establishments in the city of Toronto, Ontario,  from December 2 to December 9, 2013. In addition, the flags on all Government of Canada buildings and establishments in the city of Welland, Ontario, on December 12, 2013, day of the private memorial service.|10|2013-12-02 00:00:00|2013-12-12 00:00:00|2013
Remembrance Day|Mon, 11 Nov 2013 06:00:00 -0500| From sunrise to sunset on Monday, November 11, 2013| Remembrance Day| Flags on all Government of Canada buildings and establishments across the country, including the Peace Tower|11|2013-11-11 00:00:00|NA|2013
Death of The Honourable Darrell O'Byrne|Fri, 8 Nov 2013 01:00:00 -0500| From November 8, 2013 until sunset on Saturday, November 9, 2013, the day of the funeral.| Death of The Honourable Darrell O'Byrne, Judge of the Provincial Court of British Columbia.| Flags on all Government of Canada buildings and establishments in the Northern Region of British Columbia.|10|2013-11-08 00:00:00|2013-11-09 00:00:00|2013
Death of The Honourable Paul Desmarais, P.C., C.C., O.Q.|Wed, 9 Oct 2013 04:00:00 -0400| From October 8, 2013 until sunset on Wednesday, October 16, 2013, and December 3, 2013| Death of The Honourable Paul Desmarais, P.C., C.C., O.Q. on October 8, 2013| Flags on all Government of Canada buildings and establishments in Charlevoix East Regional County Municipality, Quebec, from October 8 to October 16, 2013. In addition, the flag on the Peace Tower in Ottawa will be half-masted from sunrise to sunset on Tuesday, December 3, 2013, day of the memorial service.|Multiple|2013-10-08 00:00:00|2013-12-03 00:00:00|2013
Death of the Honourable Fred Mifflin, P.C., C.D.|Mon, 7 Oct 2013 09:00:00 -0400| From October 7, 2013 until sunset on Friday, October 11, 2013, day of the funeral| Death of the Honourable Fred Mifflin, P.C., C.D.| Flags on all Government of Canada buildings and establishments in the city of Ottawa, except on the Peace Tower.  In addition, the flag on the Peace Tower in Ottawa will be half-masted from sunrise to sunset, Friday, October 11, 2013, day of the funeral.|11|2013-10-07 00:00:00|2013-10-11 00:00:00|2013
Police and Peace Officers' National Memorial Day - September 29, 2013.|Sun, 29 Sep 2013 06:00:00 -0400| From sunrise to sunset on Sunday, September 29, 2013.| To recognize Police and Peace Officers' National Memorial Day.| Flags on all Government of Canada buildings and establishments across the country, including the Peace Tower in Ottawa.|11|2013-09-29 00:00:00|NA|2013
Death of Ms. AnneMarie Desloges, employee of Citizenship and Immigration Canada.|Sun, 22 Sep 2013 06:00:00 -0400| From September 22 until sunset Tuesday, October 1, 2013| In memory of AnneMarie Desloges, who died in a terrorist attack in Nairobi, Kenya, on September 21, 2013.| The flags on all buildings and establishments across Canada, of the Department of Citizenship and Immigration Canada, Canada Border Services Agency, as well as the Department of Foreign Affairs and International Trade.|14|2013-09-22 00:00:00|2013-10-01 00:00:00|2013
Victims of the OC Transpo Bus / Via Rail Train collision, in Ottawa|Wed, 18 Sep 2013 12:00:00 -0400| From September 24 until October 2.| In memory of the victims of the OC Transpo Bus / Via Rail Train collision in Ottawa.| The flags on all Government of Canada buildings and establishments in the City of Ottawa, except on the Peace Tower, as well as the flags on all four buildings at the Place du Portage Complexe (Portage 1 to 4) and at Library and Archives Canada, 550 Place de la Cité, Gatineau.|Multiple|2013-09-24 00:00:00|2013-10-02 00:00:00|2013
Death of Mr. Marc Thibault, Mr. Daniel Dubé and Dr. Klaus Hochheim|Wed, 11 Sep 2013 06:00:00 -0400| From September 11 until September 23.| In honour of Mr. Marc Thibault, Mr. Daniel Dubé and Dr. Klaus Hochheim, who passed away on September 9, 2013, in a helicopter accident during a mission in the Arctic.| Flags at  the Department of Fisheries and Oceans' building at 200 Kent Street, Ottawa, as well as all Canadian Coast Guard installations should be returned to full mast, at sunset, September 23, 2013.|14|2013-09-11 00:00:00|2013-09-23 00:00:00|2013
Death of The Honourable David Alexander Colville, P.C., C.C., O.N.S.|Fri, 19 Jul 2013 12:10:00 -0400| From July 19, 2013 until sunset on Wednesday, July 24, 2013, day of the funeral| Death of The Honourable David Alexander Colville, P.C., C.C., O.N.S.| Flags on all Government of Canada buildings and establishments in the city of Wolfville, Nova Scotia. In addition, the flag on the Peace Tower in Ottawa will be half-masted from sunrise to sunset, the day of the funeral|7|2013-07-19 00:00:00|2013-07-24 00:00:00|2013
Victims of the tragedy in Lac-Mégantic on July 6, 2013|Thu, 11 Jul 2013 06:00:00 -0400| From sunrise July 11 until sunset July 17, 2013| In memory of the victims in Lac-Megantic| Flags on all Government of Canada buildings and establishments in the province of Quebec|Multiple|2013-07-11 00:00:00|2013-07-17 00:00:00|2013
Death of The Honourable Andy Scott, P.C., former Minister|Tue, 25 Jun 2013 09:00:00 -0400| From June 25 until sunset on Friday, June 28, 2013, the day of the funeral| The Honourable Andy Scott, who passed away June 24, 2013.| Flags on all Government of Canada buildings and establishments in Fredericton, New Brunswick. Further, the flag will flown at half-mast on the Peace Tower from sunrise to sunset on the day of the funeral.|7|2013-06-25 00:00:00|2013-06-28 00:00:00|2013
National Day of Remembrance for Victims of Terrorism|Sun, 23 Jun 2013 06:00:00 -0400| From sunrise to sunset on Sunday, June 23, 2013| National Day of Remembrance for Victims of Terrorism | Peace Tower and on all Government Canada buildings and establishments across the country|11|2013-06-23 00:00:00|NA|2013
Death of The Honourable Garde B. Gardom, Q.C., O.B.C., former Lieutenant Governor of British Columbia|Wed, 19 Jun 2013 06:00:00 -0400| Flags will be flown at half-mast from sunrise to sunset on Wednesday, July 17, 2013, the day of the funeral| Death of The Honourable Garde B. Gardom, who passed away on June 18, 2013| Flags on all Government of Canada buildings and establishments in  the province of British Columbia|10|2013-07-17 00:00:00|NA|2013
Memorial Service for Deceased Parliamentarians|Mon, 10 Jun 2013 09:00:00 -0400| From 9:00 a.m. to 11:00 a.m. on Monday, June 10, 2013| Memorial Service for Deceased Parliamentarians| Peace Tower in Ottawa|11|2013-06-10 00:00:00|NA|2013
Death of Don Filliter (Captain), Chris Snowball and Dustin Dagenais (Paramedics)|Fri, 7 Jun 2013 16:00:00 -0400| From June 7, 2013 until sunset June 8, 2013, the day of the funerals.| The death of paramedics Don Filliter, Chris Snowball and Dustin Dagenais, who passed away on May 31 , 2013| Flags on all Government of Canada buildings and establishments in the  cities of Sudbury, Burlington and Kapuskasing, Ontario|10|2013-06-07 00:00:00|2013-06-08 00:00:00|2013
Death of the late Honourable James Kelleher|Mon, 3 Jun 2013 06:00:00 -0400| From June 2, 2013 until sunset June 4, 2013, the day of the funeral| The death of the late Honourable James Kelleher, who passed away June 2, 2013| Flags on all Government of Canada buildings and establishments in the city of Toronto, Ontario.  Further, the flag will be flown at half-mast on the Peace Tower from sunrise to sunset on the day of the funeral.|7|2013-06-02 00:00:00|2013-06-04 00:00:00|2013
Death of Peter Kormos, former Member of the Legislative Assembly of Ontario for the riding of Welland, Ontario|Sat, 11 May 2013 06:00:00 -0400| From sunrise to sunset on Saturday, May 11, 2013 | The funeral of the late Peter Kormos, who passed away March 30, 2013| Flags on all Government of Canada buildings and establishments in the riding of  Welland, Ontario|10|2013-05-11 00:00:00|NA|2013
Death of The Honourable Doug Finley, Senator|Sat, 11 May 2013 05:06:00 -0400| From May 11 until sunset on the memorial service, Saturday May 18, 2013.| The memorial service of the late Honourable Doug Finley, who passed away May 11, 2013.| Flags on all Government of Canada buildings and establishments in the city of Simcoe, Ontario.  Further, the flag will be flown at half-mast on the Peace Tower from sunrise to sunset on the day of the memorial service.|7|2013-05-11 00:00:00|2013-05-18 00:00:00|2013
Death of Robert Elgie, former Member of the Legislative Assembly of Ontario for the riding of Beaches-East York, Ontario|Sat, 4 May 2013 07:00:00 -0400| From sunrise to sunset on Saturday, May 4, 2013 | The funeral of the late Robert Elgie, who passed away April 3, 2013| Flags on all Government of Canada buildings and establishments in the riding of Beaches - East York, Ontario|10|2013-05-04 00:00:00|NA|2013
Day of Mourning for Persons Killed or Injured in the Workplace (Workers' Mourning Day)|Sun, 28 Apr 2013 01:01:00 -0400| From sunrise to sunset on Sunday, April 28, 2013.| Day of Mourning for Persons Killed or Injured in the Workplace (Workers' Mourning Day).| Peace Tower in Ottawa and on all Government of Canada buildings and establishments across Canada.|11|2013-04-28 00:00:00|NA|2013
Death of Margaret Thatcher, Former British Prime Minister, LG, OM, PC, FRS|Tue, 16 Apr 2013 11:00:00 -0400| Wednesday, April 17, 2013, from sunrise to sunset. | Funeral of the late Margaret Thatcher, who passed away April 8, 2013.| Peace Tower in Ottawa.|16|2013-04-17 00:00:00|NA|2013
Death of Ralph Klein, O.C., A.O.E, former Premier of Alberta|Tue, 2 Apr 2013 11:00:00 -0400| From March 29, 2013 until sunset Friday, April 5, 2013, the day of the memorial service.| Death of Ralph Klein who passed away March 29, 2013.| On all Government of Canada buildings and establishments in the Province of Alberta.|10|2013-03-29 00:00:00|2013-04-05 00:00:00|2013
Death of the Honourable J. Léonce Bernard, OPEI, former Member of the Provincial Executive Council and former Lieutenant Governor of Prince Edward Island|Wed, 27 Mar 2013 12:00:00 -0400| From March 27, 2013 until sunset the day of the funeral April 1, 2013.| Death of the late Honourable J. Léonce Bernard, who passed away March 26, 2013.| On all Government of Canada buildings and establishments in Prince Edward Island.|10|2013-03-27 00:00:00|2013-04-01 00:00:00|2013
Death of Constable Jennifer Kovach|Fri, 15 Mar 2013 04:00:00 -0400| From sunrise to sunset on Thursday March 21, 2013, day of the funeral.| Death of Constable Jennifer Kovach, who passed away March 14, 2013.| On all Government of Canada buildings and establishments in the city of Guelph, Ontario.|10|2013-03-21 00:00:00|NA|2013
Death of Claudette Boyer, former Member of the Legislative Assembly of Ontario for the riding of Ottawa-Vanier, Ontario.|Wed, 27 Feb 2013 05:00:00 -0500| From sunrise to sunset on Wednesday, February 27, 2013, the day of the funeral of Mrs. Claudette Boyer.| Death of Claudette Boyer.| Flags on all Government of Canada buildings and establishments in the riding of Ottawa-Vanier, Ontario (with the exception of the Peace Tower).|10|2013-02-27 00:00:00|NA|2013
Death of Herb Epp, former Mayor and Member of the Legislative Assembly of Ontario for the riding of Kitchener-Waterloo|Tue, 26 Feb 2013 16:00:00 -0500| From sunrise to sunset on Friday, March 1, 2013, the day of the funeral.| Death of Herb Epp on February 25, 2013. | On all Government of Canada buildings and establishments in the riding of Kitchener-Waterloo, Ontario.|10|2013-03-01 00:00:00|NA|2013
Death of Marion Helen Bryden, former Member of the Legislative Assembly of Ontario for the riding of Beaches-East York|Sat, 23 Feb 2013 05:30:00 -0500| From sunrise to sunset on Saturday, February 23, 2013, the day of the funeral.| Death of Marion Helen Bryden.| On all Government of Canada buildings and establishments in the riding of Beaches-East York, Ontario.|10|2013-02-23 00:00:00|NA|2013
Death of The Honourable Eugene Whelan, P.C., O.C., former Minister and Senator|Wed, 20 Feb 2013 09:00:00 -0500| From February 20 until sunset the day of the funeral or memorial service (date to be confirmed)| Death of The Honourable Eugene Whelan on February 19, 2013| On all Government of Canada buildings and establishments in the city of Amherstburg, Ontario; on the Peace Tower from sunrise to sunset on the day of the funeral or the memorial service.|7|2013-02-20 00:00:00|NA|2013
Death of the Honourable Diane Marleau, P.C.|Thu, 31 Jan 2013 10:00:00 -0500| From January 31, 2013 until sunset, February 2, 2013,  the day of the commemorative service of the Honourable Diane Marleau, who passed away January 30, 2013.| Death of the Honourable Diane Marleau.| Flags on all Government of Canada buildings and establishments in the city of Sudbury, Ontario. Further, the flag on the Peace Tower in Ottawa will be flown at half-mast from sunrise to sunset on February 2, 2013, the day of the commemorative service.|7|2013-01-31 00:00:00|2013-02-02 00:00:00|2013
Death of the Right Honourable Martial Asselin, P.C., O.C., Q.C.|Fri, 25 Jan 2013 00:01:00 -0500| From January 25 until sunset, February 2, 2013 the day of the funeral of the late Right Honourable Martial Asselin.| Death of the Right Honourable Martial Asselin, who passed away on January 25, 2013.| Flags on all Government of Canada buildings and establishments in the city of Québec, Quebec. Further, the flag on the Peace Tower in Ottawa will be flown at half-mast from sunrise to sunset on February 2, 2013, the day of the funeral.|7|2013-01-25 00:00:00|2013-02-02 00:00:00|2013
Death of Mr. John Melville Turner|Tue, 22 Jan 2013 06:00:00 -0500| From January 22, until sunset, Saturday January 26, 2013, day of the funeral of the late Mr. John Melville Turner, Former Member of the Legislative Assembly of Ontario.| Death of Mr. John Melville Turner, former Member of the Legislative Assembly of Ontario and Speaker of the Ontario Legislative Assembly, who passed away January 20, 2013.| Flags on all Government of Canada buildings and establishments in the Riding of Peterborough, Ontario.|10|2013-01-22 00:00:00|2013-01-26 00:00:00|2013
Death of the Honourable Robert Gordon Robertson, P.C., C.C. FRSE|Wed, 16 Jan 2013 17:00:00 -0500| From January 16, 2013 until sunset Monday January 21, 2013, day of the funeral of the late Honourable Robert Gordon Robertson.| Death of the late Honourable Robert Gordon Robertson, who passed away on Tuesday January 14, 2013.| Flags on all Government of Canada buildings and establishments in the city of Ottawa, Ontario, with the exception of the Peace Tower.|7|2013-01-16 00:00:00|2013-01-21 00:00:00|2013
National Day of Remembrance and Action on Violence Against Women|Thu, 6 Dec 2012 00:00:00 -0500| From sunrise to sunset Thursday, December 6, 2012.| National Day of Remembrance and Action on Violence Against Women.| Flags on all Government of Canada buildings and establishments across the country, including the Peace Tower in Ottawa.|11|2012-12-06 00:00:00|NA|2012
Death of The Honourable Gilbert R. Clements, O.P.E.I., former Lieutenant Governor of Prince Edward Island|Tue, 27 Nov 2012 15:00:00 -0500| From November 27, 2012, until sunset on on the day of the funeral or commemorative service (date to be confirmed), in honour of the late Honourable Gilbert R. Clements, former Lieutenant Governor of Prince Edward Island, who passed away on November 26, 2012.| Death of the Honourable Gilbert R. Clements, former Lieutenant Governor of Prince Edward Island| Flags on all Government of Canada buildings and establishments in the province of Prince Edward Island.|10|2012-11-27 00:00:00|NA|2012
Death of the late Mr. Clifford Pilkey, former Member of the Legislative Assembly of Ontario|Wed, 21 Nov 2012 12:00:00 -0500| From November 21, 2012, until sunset on Friday, November 23, 2012, the day of the funeral for the late Mr. Clifford Pilkey, former Member of the Legislative Assembly of Ontario, who passed away November 17, 2012.| Death of the late Mr. Clifford Pilkey, former Member of the Legislative Assembly of Ontario.| Flags on all Government of Canada buildings and establishments in the Riding of Oshawa, Ontario.|10|2012-11-21 00:00:00|2012-11-23 00:00:00|2012
Death of Constable Adrian Oliver of the Royal Canadian Mounted Police|Tue, 13 Nov 2012 16:00:00 -0500| From November 13, 2012, until sunset Tuesday, November 20, 2012, the day of the funeral of Constable Adrian Oliver, who died while on duty November 13, 2012 in Surrey, British Columbia. | Death of Constable Adrian Oliver of the Royal Canadian Mounted Police.| Flags on all buildings and establishments of the Royal Canadian Mounted Police across the country.|14|2012-11-13 00:00:00|2012-11-13 00:00:00|2012
Remembrance Day|Sun, 11 Nov 2012 05:00:00 -0500| From sunrise to sunset on Remembrance Day, Sunday, November 11, 2012. | Remembrance Day.| Flags on all Government of Canada buildings and establishments across the country, including the Peace Tower, will be flown at half-mast from sunrise to sunset on Remembrance Day, Sunday, November 11, 2012. When half-masting occurs at the National War Memorial or a place where remembrance is being observed, the half-masting can occur at 11:00 a.m. (or according to the prescribed order of service) until sunset. |11|2012-11-11 00:00:00|NA|2012
Death of the Honourable Robert Kaplan, P.C., former Member of Parliament for the Riding of York Centre.|Tue, 6 Nov 2012 00:00:00 -0500| From sunrise to sunset on November 6, 2012, the day of the funeral of the late honourable Robert Kaplan, who passed away on Monday, November 5, 2012. | Death of the Honourable Robert Kaplan, P.C., former Member of Parliament for the Riding of York Centre.| Flags on all Government of Canada buildings and establishments in the city of Toronto, Ontario will be flown at half-mast.  Further, the flag on the Peace Tower in Ottawa will be flown at half-mast on November 6, 2012, until sunset, the day of the funeral.|7|2012-11-06 00:00:00|NA|2012
Death of Mr. Harvie Andre, P.C., former Member of Parliament for the Riding of Calgary Centre (1972-1988)|Tue, 23 Oct 2012 14:45:00 -0400| From October 23, 2012, until October 29, 2012, the day of the Memorial Service for the late Honourable Mr. Harvie Andre.| Death of the Honourable Mr. Harvie Andre, former Member of Parliament for the Riding of Calgary Centre (1972-1988), who passed away on Sunday October 21, 2012. | Flags on all Government of Canada buildings and establishments in the city of Calgary, Alberta, will be flown at half-mast from now until sunset on the day of the funeral or commemorative service (date to be confirmed). Further, the flag on the Peace Tower in Ottawa will be flown at half-mast from sunrise to sunset on October 29, 2012, the day of the Memorial Service.|7|2012-10-23 00:00:00|2012-10-29 00:00:00|2012
Death of The Honourable Lincoln M. Alexander, former Lieutenant Governor of Ontario|Fri, 19 Oct 2012 13:00:00 -0400| From October 19, 2012, until sunset on Friday, October 26, 2012, the day of the funeral of the late Honourable Lincoln M. Alexander.| Death of The Honourable Lincoln M. Alexander, former Lieutenant Governor of Ontario, who passed away on October 19, 2012.| All Government of Canada buildings and establishments in the province of Ontario, with the exception of the Peace Tower. Further, the flag on the Peace Tower will fly at half-mast from sunrise to sunset on Friday, October 26, 2012, day of the funeral.|10|2012-10-19 00:00:00|2012-10-26 00:00:00|2012
Funeral for the late Mr. John Cleary, Former Member of the Legislative Assembly of Ontario.|Thu, 11 Oct 2012 10:45:00 -0400| From now until sunset today, October 11, 2012| Funeral for the late Mr. John Cleary, Former Member of the Legislative Assembly of Ontario, who passed away October 6, 2012. | Flags on all Government of Canada buildings and establishments in the Ridings of Cornwall and Stormont --Dundas—Charlottenburgh in Ontario will be flown at half-mast. |10|2012-10-11 00:00:00|NA|2012
Police and Peace Officers' National Memorial Day - September 30, 2012|Sun, 30 Sep 2012 06:00:00 -0400| From sunrise to sunset on  Sunday, September 30, 2012,  | To recognize Police and Peace Officers' National Memorial Day| Flags on all Government of Canada buildings and establishments across the country, including the Peace Tower in Ottawa, will be flown at half-mast|11|2012-09-30 00:00:00|NA|2012
Death of The Honourable Sylvia Fedoruk, former Lieutenant Governor of Saskatchewan|Thu, 27 Sep 2012 06:00:00 -0400| From September 26, 2012 until sunset on October 5, 2012| Death of The Honourable Sylvia Fedoruk, former Lieutenant Governor of Saskatchewan, who passed away September 26, 2012.| Flags on all Government of Canada buildings and establishments in the province of Saskatchewan will be flown at half-mast|10|2012-09-26 00:00:00|2012-10-05 00:00:00|2012
Death of the Honourable E. Peter Lougheed, Former Premier of Alberta|Fri, 14 Sep 2012 06:00:00 -0400| From September 14, 2012, until sunset on the Friday, September 21, 2012, the day of the memorial service of the Honourable E. Peter Lougheed.| Death of the Honourable E. Peter Lougheed, P.C., C.C., A.O.E., Q.C., Former Premier of Alberta, who passed away on September 13, 2012.| All Government of Canada buildings and establishments in the Province of Alberta. Further, the flag on the Peace Tower in Ottawa will be flown at half-mast from sunrise to sunset on Friday, September 21, the day of the memorial service of the Honourable E. Peter Lougheed.|Multiple|2012-09-14 00:00:00|2012-09-21 00:00:00|2012
Death of Peace Officer Rod Lazenby from the Municipal District of Foothill in Alberta|Fri, 24 Aug 2012 06:00:00 -0400| Friday, August 24, 2012, the day of the memorial service of Peace Officer Rod Lazenby| Death of Peace Officer Rod Lazenby from the Municipal District of Foothill in Alberta, who was killed on duty on August 10, 2012| All Government of Canada buildings and establishments in the City of High River, Alberta|10|2012-08-24 00:00:00|NA|2012
Death of Constable Derek Pineo of the Royal Canadian Mounted Police|Fri, 20 Jul 2012 15:00:00 -0400| From July 20, 2012, until sunset Sunday, July 29, 2012, the day of the memorial service| Death of Constable Derek Pineo of the Royal Canadian Mounted Police, who died while on duty, on July 20, 2012 in Wilkie, Saskatchewan.| All buildings and establishments of the Royal Canadian Mounted Police, across the country||2012-07-20 00:00:00|2012-07-29 00:00:00|2012
Death of Correctional Officer Michael Gaucher|Wed, 18 Jul 2012 15:00:00 -0400| From July 18, 2012 until sunset on Friday, July 20, 2012, the day of the funeral of Correctional Officer Michael Gaucher.| Death of Correctional Officer Michael Gaucher from the Drumheller Minimum Security Unit in Alberta  | All Department of Public Safety Correctional Services Canada facilities in the Prairie Region (Manitoba, Saskatchewan and Alberta), as well as Community Operation Offices in north west Ontario and the Northwest Territories.|14|2012-07-18 00:00:00|2012-07-20 00:00:00|2012
National Day of Remembrance for Victims of Terrorism|Sat, 23 Jun 2012 09:00:00 -0400| Sunrise to sunset on Saturday, June 23, 2012| National Day of Remembrance for Victims of Terrorism| Peace Tower, Ottawa||2012-06-23 00:00:00|NA|2012
Memorial Service for Deceased Parliamentarians|Mon, 4 Jun 2012 00:00:00 -0400| From 9:00 a.m. to 11:00 a.m. on Monday, June 4, 2012| Memorial Service for Deceased Parliamentarians| Peace Tower in Ottawa||2012-06-04 00:00:00|NA|2012
Day of Mourning for Persons Killed or Injured in the Workplace|Sat, 28 Apr 2012 07:00:00 -0400| From sunrise to sunset on Saturday, April 28, 2012 to mark this day of mourning| Day of Mourning for Persons Killed or Injured in the Workplace (Workers' Mourning Day)| The Peace Tower in Ottawa and on all Government of Canada buildings and establishments across Canada |11|2012-04-28 00:00:00|NA|2012
Vimy Ridge Day|Thu, 29 Mar 2012 00:00:00 -0400| From sunrise to sunset on Monday April 9, 2012| The national day of remembrance of the Battle of Vimy Ridge| The Peace Tower in Ottawa|11|2012-04-09 00:00:00|NA|2012
Death of Tony Silipo, former Member of the Legislative Assembly of Ontario|Thu, 15 Mar 2012 00:00:00 -0400| From sunrise to sunset on Thursday, March 15, 2012, the day of the funeral of Mr. Silipo| Death of Tony Silipo, former Member of the Legislative Assembly of Ontario for the riding of Davenport, from 1991 to 1999| All Government of Canada buildings and establishments in the riding of Davenport |10|2012-03-15 00:00:00|NA|2012
Death of the Honourable Pierre Juneau|Wed, 22 Feb 2012 00:00:00 -0500| From February 22 until sunset February 25, 2012, day of the funeral of the late Honourable Pierre Juneau. | Death of the Honourable Pierre Juneau who passed away February 21, 2012.| February 22 to 25: All Government of Canada buildings and establishments in the city of Montréal, Québec. February 25: The Peace Tower on Parliament Hill in Ottawa.|7|2012-02-22 00:00:00|2012-02-25 00:00:00|2012
Death of the Honourable Fred Dickson, Q.C., Senator (2009-2012)|Thu, 9 Feb 2012 00:00:00 -0500| From February 9 until sunset on February 18, 2012 day of the funeral of the late Honourable Fred Dickson. | Death of the Honourable Fred Dickson, Q.C., Senator (2009-2012), who passed away February 9, 2012. | February 9 to 18: All Government of Canada buildings and establishments in the city of Truro, Nova Scotia. February 18: The Peace Tower on Parliament Hill in Ottawa. |7|2012-02-09 00:00:00|2012-02-18 00:00:00|2012
Death of His Excellency Richard Turkson, High Commissionner for Ghana in Canada|Sat, 14 Jan 2012 07:00:00 -0500| From sunrise to sunset on Saturday January 14, 2012, day of the funeral service of His late Excellency Richard Turkson.| Death of His Excellency Richard Turkson, High Commissionner for Ghana in Canada, who passed away on November 23, 2011. | The Peace Tower on Parliament Hill in Ottawa.|9|2012-01-14 00:00:00|NA|2012
National Day of Remembrance and Action on Violence Against Women|Tue, 6 Dec 2011 07:00:00 -0500| From sunrise to sunset on Tuesday, December 6, 2011. | National Day of Remembrance and Action on Violence Against Women| All Government of Canada buildings and establishments across the country, including the Peace Tower on Parliament Hill in Ottawa.|11|2011-12-06 00:00:00|NA|2011
Death of The Honourable Stuart Stratton, Q.C., former Chief Justice of New Brunswick|Mon, 14 Nov 2011 07:00:00 -0500| From November 14 until sunset on Wednesday, November 16, 2011, the day of the funeral of the late Honourable Stuart Stratton.| Death of The Honourable Stuart Stratton, Q.C., former Chief Justice of New Brunswick.| All Government of Canada buildings and establishments in the province of New Brunswick.|10|2011-11-14 00:00:00|2011-11-16 00:00:00|2011
Remembrance Day|Fri, 11 Nov 2011 07:00:00 -0500| From sunrise to sunset on Friday, November 11, 2011. | Remembrance Day |  All Government of Canada buildings and establishments across the country, including the Peace Tower on Parliament Hill in Ottawa. When half-masting occurs at the National War Memorial or a place where remembrance is being observed, the half-masting can occur at 11:00 a.m. (or according to the prescribed order or service) until sunset.|11|2011-11-11 00:00:00|NA|2011
Death of the Honourable Barnett J. Danson, Former Member of Parliament for the Riding of York North|Thu, 20 Oct 2011 00:00:00 -0400| From October 20 until sunset on Sunday, October 23, 2011, the day of the funeral service of the late Honourable Barnett J. Danson. | Death of the Honourable Barnett J. Danson, P.C., C.C., LL.D., and Former Member of Parliament for the Riding of York North (1968-1979)| October 20 to 23: All Government of Canada buildings and establishments in the city of Toronto, Ontario.|237|2011-10-20 00:00:00|2011-10-23 00:00:00|2011
Death of the Honourable Reginald B. Alcock and Former Member of Parliament for the Riding of Winnipeg South|Wed, 19 Oct 2011 00:00:00 -0400| From October 19 until sunset on Friday, October 21, 2011, the day of the memorial service of the late Honourable B. Reginald Alcock.| Death of the Honourable Reginald B. Alcock, P.C., B.A., M.P.A. and Former Member of Parliament for the Riding of Winnipeg South (1993-2006)| October 19 to 21: All Government of Canada buildings and establishments in the city of Winnipeg, Manitoba. October 21: The Peace Tower on Parliament Hill in Ottawa.|7|2011-10-19 00:00:00|2011-10-21 00:00:00|2011
Plane crash near the community of Lutselk'e in the Northwest Territories|Wed, 5 Oct 2011 00:00:00 -0400| Wednesday, October 5, 2011, to honour the memory of the two victims.  | Death of two victims in a plane crash near the community of Lutselk'e in the Northwest Territories.  | All Government of Canada buildings and establishments in Yellowknife and Lutselk'e, Northwest Territories.|10|2011-10-05 00:00:00|NA|2011
Police and Peace Officers' National Memorial Day|Sun, 25 Sep 2011 07:00:00 -0400| From sunrise to sunset on Sunday, September 25, 2011.| Police and Peace Officers' National Memorial Day.| All Government of Canada buildings and establishments across the country, including the Peace Tower on Parliament Hill in Ottawa.|11|2011-09-25 00:00:00|NA|2011
Death of two victims of the Arctic Sunwest Crash in the Northwest Territories|Fri, 23 Sep 2011 00:00:00 -0400| From September 23 until sunset on Sunday, September 25, 2011, to honour the memory of the two victims. | Death of two victims of the Arctic Sunwest Crash in the Northwest Territories.| All Government of Canada buildings and establishments in the City of Yellowknife, Northwest Territories.|10|2011-09-23 00:00:00|2011-09-25 00:00:00|2011
Tenth Anniversary of 9/11|Sun, 11 Sep 2011 06:00:00 -0400| From sunrise to sunset on Sunday, September 11, 2011, to honour the memory of the innocent people who lost their lives during the terrorist attacks of September 11, 2001.| Tenth Anniversary of 9/11. | The Peace Tower on Parliament Hill in Ottawa.|16|2011-09-11 00:00:00|2011-09-11 00:00:00|2011
Death of the Honourable Jack Layton,  P.C., B.A, M.A., Ph.D|Mon, 22 Aug 2011 00:00:00 -0400| From August 22 until sunset on Saturday, August 27, 2011, the day of the funeral of the late Honourable Jack Layton.| Death of the Honourable Jack Layton,  P.C., B.A, M.A., Ph.D - Leader of Her Majesty’s Loyal Opposition and Member of the Queen’s Privy Council for Canada. | All Government of Canada buildings and establishments across Canada, including the Peace Tower in Ottawa.|16|2011-08-22 00:00:00|2011-08-27 00:00:00|2011
Death of William A. Ferguson, former Member of the Legislative Assembly of Ontario|Tue, 26 Jul 2011 00:00:00 -0400| Tuesday, July 26, 2011, the day of the memorial service for William A. Ferguson. | Death of William A. Ferguson, former Member of the Legislative Assembly of Ontario for the riding of Kitchener (1990 to 1994)| All Government of Canada buildings and establishments in the City of Kitchener, Ontario.|10|2011-07-26 00:00:00|NA|2011
Death of Constable Garrett Styles of the York Regional Police|Tue, 5 Jul 2011 06:00:00 -0400| From sunrise to sunset on Tuesday, July 5, 2011, the day of the funeral of Constable Garrett Styles. | Death of Constable Garrett Styles of the York Regional Police who was killed while on duty on June 28, 2011.  | All Government of Canada buildings and establishments in the York Region, Ontario.|14|2011-07-05 00:00:00|NA|2011
Death of Master Corporal Francis Roy|Sat, 25 Jun 2011 00:00:00 -0400| See Rules for Half-masting, the National Flag of Canada (Section 14)| Death of Master Corporal Francis Roy from the Canadian Forces, who passed away on June 25, 2011.  | See Rules for Half-masting, the National Flag of Canada (Section 14)|Multiple|2011-07-05 00:00:00|NA|2011
National Day of Remembrance for Victims of Terrorism|Thu, 23 Jun 2011 07:00:00 -0400| From sunrise to sunset on Thursday, June 23, 2011.| National Day of Remembrance for Victims of Terrorism.| All Government of Canada buildings and establishments across the country, including the Peace Tower on Parliament Hill in Ottawa.|16|2011-06-23 00:00:00|NA|2011
Memorial Service for Deceased Parliamentarians|Mon, 6 Jun 2011 09:00:00 -0400| From 9:00 a.m. to 11:00 a.m. on Monday, June 6, 2011.| Memorial Service for Deceased Parliamentarians| The Peace Tower on Parliament Hill in Ottawa.|11|2011-06-06 00:00:00|NA|2011
Death of Bombardier Karl Manning in Afghanistan|Fri, 27 May 2011 00:00:00 -0400| See Rules for Half-masting the National Flag of Canada (Section 14)| Death of Bombardier Karl Manning from the Canadian Forces in Afghanistan on May 27, 2011.| See  Rules for Half-masting the National Flag of Canada (Section 14)|Multiple|2011-06-06 00:00:00|NA|2011
Death of Bruce Crozier, member of the Legislative Assembly of Ontario|Fri, 27 May 2011 00:00:00 -0400| From May 27 until sunset, Wednesday, June 8, 2011, the day of the funeral of Bruce Crozier.| Death of Bruce Crozier, member of the Legislative Assembly of Ontario for the riding of Essex. | All Government of Canada buildings and establishments in the riding of Essex, Ontario. |10|2011-05-27 00:00:00|2011-06-08 00:00:00|2011
Death of Patrick Michael Hayes, former Member of the Legislative Assembly of Ontario|Fri, 6 May 2011 06:00:00 -0400| From sunrise to sunset on Friday, May 6, 2011, the day of the funeral for Patrick Michael Hayes.| Death of Patrick Michael Hayes, former Member of the Legislative Assembly of Ontario for the Riding of Essex-Kent.| All Government of Canada buildings and establishments in the riding of Essex-Kent, Ontario.|10|2011-05-06 00:00:00|NA|2011
Day of Mourning for Persons Killed or Injured in the Workplace|Thu, 28 Apr 2011 06:00:00 -0400| From sunrise to sunset Thursday, April 28, 2011.| Day of Mourning for Persons Killed or Injured in the Workplace | All Government of Canada buildings and establishments across Canada.|11|2011-04-28 00:00:00|NA|2011
Death of the Honourable Allan Blakeney, former Premier of Saskatchewan|Sat, 16 Apr 2011 00:00:00 -0400| From April 16 until sunset on Saturday, April 23, 2011, the day of the funeral of the late Honourable Allan Blakeney. Saturday, May 7, 2011, the day of the memorial service for the late Honourable Allan Blackeney.| Death of the Honourable Allan Blakeney, P.C., O.C., S.O.M., D.C.L., F.R.S.C., Q.C., former Premier of Saskatchewan, who passed away on April 16, 2011.| April 16 to 23, 2011: All Government of Canada buildings and establishments in the province of Saskatchewan. May 7, 2011: All Government of Canada buildings and establishments in the province of Saskatchewan and the Peace Tower on Parliament Hill in Ottawa.|7|2011-04-16 00:00:00|2011-05-07 00:00:00|2011
